[
{
  "model": "admin.logentry",
  "pk": 1,
  "fields": {
    "action_time": "2024-10-17T06:56:06.276Z",
    "user": 1,
    "content_type": 7,
    "object_id": "1",
    "object_repr": "Программирование на Python",
    "action_flag": 1,
    "change_message": "[{\"added\": {}}]"
  }
},
{
  "model": "admin.logentry",
  "pk": 2,
  "fields": {
    "action_time": "2024-10-17T08:57:07.650Z",
    "user": 1,
    "content_type": 4,
    "object_id": "2",
    "object_repr": "alekseikogan",
    "action_flag": 1,
    "change_message": "[{\"added\": {}}]"
  }
},
{
  "model": "admin.logentry",
  "pk": 3,
  "fields": {
    "action_time": "2024-10-17T08:57:49.834Z",
    "user": 1,
    "content_type": 7,
    "object_id": "2",
    "object_repr": "Проектирование и создание моделей данных",
    "action_flag": 1,
    "change_message": "[{\"added\": {}}]"
  }
},
{
  "model": "admin.logentry",
  "pk": 4,
  "fields": {
    "action_time": "2024-10-17T08:58:02.774Z",
    "user": 1,
    "content_type": 7,
    "object_id": "3",
    "object_repr": "Разработка RESTful API",
    "action_flag": 1,
    "change_message": "[{\"added\": {}}]"
  }
},
{
  "model": "admin.logentry",
  "pk": 5,
  "fields": {
    "action_time": "2024-10-17T08:58:23.743Z",
    "user": 1,
    "content_type": 7,
    "object_id": "4",
    "object_repr": "Интеграция с внешними сервисами",
    "action_flag": 1,
    "change_message": "[{\"added\": {}}]"
  }
},
{
  "model": "admin.logentry",
  "pk": 6,
  "fields": {
    "action_time": "2024-10-17T08:59:12.331Z",
    "user": 1,
    "content_type": 7,
    "object_id": "5",
    "object_repr": "Настройка окружения и CI/CD",
    "action_flag": 1,
    "change_message": "[{\"added\": {}}]"
  }
},
{
  "model": "admin.logentry",
  "pk": 7,
  "fields": {
    "action_time": "2024-10-18T19:18:53.892Z",
    "user": 1,
    "content_type": 7,
    "object_id": "6",
    "object_repr": "Пагинация в Django",
    "action_flag": 1,
    "change_message": "[{\"added\": {}}]"
  }
},
{
  "model": "admin.logentry",
  "pk": 8,
  "fields": {
    "action_time": "2024-10-19T08:44:02.679Z",
    "user": 1,
    "content_type": 8,
    "object_id": "1",
    "object_repr": "Комментарий Бах. Оркестровая Сюита №2 для поста Разработка RESTful API",
    "action_flag": 1,
    "change_message": "[{\"added\": {}}]"
  }
},
{
  "model": "admin.logentry",
  "pk": 9,
  "fields": {
    "action_time": "2024-10-19T08:44:47.484Z",
    "user": 1,
    "content_type": 8,
    "object_id": "2",
    "object_repr": "Комментарий Рамзи Гордон для поста Пагинация в Django",
    "action_flag": 1,
    "change_message": "[{\"added\": {}}]"
  }
},
{
  "model": "admin.logentry",
  "pk": 10,
  "fields": {
    "action_time": "2024-10-19T11:22:27.854Z",
    "user": 1,
    "content_type": 9,
    "object_id": "1",
    "object_repr": "IT",
    "action_flag": 1,
    "change_message": "[{\"added\": {}}]"
  }
},
{
  "model": "admin.logentry",
  "pk": 11,
  "fields": {
    "action_time": "2024-10-19T11:22:48.907Z",
    "user": 1,
    "content_type": 9,
    "object_id": "2",
    "object_repr": "advice",
    "action_flag": 1,
    "change_message": "[{\"added\": {}}]"
  }
},
{
  "model": "admin.logentry",
  "pk": 12,
  "fields": {
    "action_time": "2024-10-19T11:23:04.965Z",
    "user": 1,
    "content_type": 9,
    "object_id": "3",
    "object_repr": "things",
    "action_flag": 1,
    "change_message": "[{\"added\": {}}]"
  }
},
{
  "model": "admin.logentry",
  "pk": 13,
  "fields": {
    "action_time": "2024-10-19T11:23:47.173Z",
    "user": 1,
    "content_type": 9,
    "object_id": "4",
    "object_repr": "jazz",
    "action_flag": 1,
    "change_message": "[{\"added\": {}}]"
  }
},
{
  "model": "admin.logentry",
  "pk": 14,
  "fields": {
    "action_time": "2024-10-19T11:23:52.712Z",
    "user": 1,
    "content_type": 9,
    "object_id": "5",
    "object_repr": "music",
    "action_flag": 1,
    "change_message": "[{\"added\": {}}]"
  }
},
{
  "model": "admin.logentry",
  "pk": 15,
  "fields": {
    "action_time": "2024-10-19T11:23:56.741Z",
    "user": 1,
    "content_type": 9,
    "object_id": "5",
    "object_repr": "music",
    "action_flag": 2,
    "change_message": "[]"
  }
},
{
  "model": "admin.logentry",
  "pk": 16,
  "fields": {
    "action_time": "2024-10-19T11:25:10.478Z",
    "user": 1,
    "content_type": 7,
    "object_id": "1",
    "object_repr": "Программирование на Python",
    "action_flag": 2,
    "change_message": "[{\"changed\": {\"fields\": [\"Tags\"]}}]"
  }
},
{
  "model": "admin.logentry",
  "pk": 17,
  "fields": {
    "action_time": "2024-10-19T11:25:23.045Z",
    "user": 1,
    "content_type": 7,
    "object_id": "1",
    "object_repr": "Программирование на Python",
    "action_flag": 2,
    "change_message": "[{\"changed\": {\"fields\": [\"\\u0421\\u0442\\u0430\\u0442\\u0443\\u0441\"]}}]"
  }
},
{
  "model": "admin.logentry",
  "pk": 18,
  "fields": {
    "action_time": "2024-10-19T11:27:19.390Z",
    "user": 1,
    "content_type": 9,
    "object_id": "6",
    "object_repr": "simple",
    "action_flag": 1,
    "change_message": "[{\"added\": {}}]"
  }
},
{
  "model": "admin.logentry",
  "pk": 19,
  "fields": {
    "action_time": "2024-10-19T11:27:39.291Z",
    "user": 1,
    "content_type": 7,
    "object_id": "2",
    "object_repr": "Проектирование и создание моделей данных",
    "action_flag": 2,
    "change_message": "[{\"changed\": {\"fields\": [\"Tags\"]}}]"
  }
},
{
  "model": "admin.logentry",
  "pk": 20,
  "fields": {
    "action_time": "2024-10-19T11:27:53.724Z",
    "user": 1,
    "content_type": 7,
    "object_id": "4",
    "object_repr": "Интеграция с внешними сервисами",
    "action_flag": 2,
    "change_message": "[{\"changed\": {\"fields\": [\"Tags\"]}}]"
  }
},
{
  "model": "admin.logentry",
  "pk": 21,
  "fields": {
    "action_time": "2024-10-19T11:28:17.259Z",
    "user": 1,
    "content_type": 7,
    "object_id": "6",
    "object_repr": "Пагинация в Django",
    "action_flag": 2,
    "change_message": "[{\"changed\": {\"fields\": [\"Tags\"]}}]"
  }
},
{
  "model": "admin.logentry",
  "pk": 22,
  "fields": {
    "action_time": "2024-10-19T11:28:20.717Z",
    "user": 1,
    "content_type": 7,
    "object_id": "4",
    "object_repr": "Интеграция с внешними сервисами",
    "action_flag": 2,
    "change_message": "[]"
  }
},
{
  "model": "admin.logentry",
  "pk": 23,
  "fields": {
    "action_time": "2024-10-19T12:03:04.886Z",
    "user": 1,
    "content_type": 7,
    "object_id": "2",
    "object_repr": "Проектирование и создание моделей данных",
    "action_flag": 2,
    "change_message": "[]"
  }
},
{
  "model": "admin.logentry",
  "pk": 24,
  "fields": {
    "action_time": "2024-10-19T12:03:08.897Z",
    "user": 1,
    "content_type": 7,
    "object_id": "4",
    "object_repr": "Интеграция с внешними сервисами",
    "action_flag": 2,
    "change_message": "[]"
  }
},
{
  "model": "admin.logentry",
  "pk": 25,
  "fields": {
    "action_time": "2024-10-19T12:03:13.728Z",
    "user": 1,
    "content_type": 7,
    "object_id": "1",
    "object_repr": "Программирование на Python",
    "action_flag": 2,
    "change_message": "[]"
  }
},
{
  "model": "admin.logentry",
  "pk": 26,
  "fields": {
    "action_time": "2024-10-19T12:03:19.015Z",
    "user": 1,
    "content_type": 7,
    "object_id": "6",
    "object_repr": "Пагинация в Django",
    "action_flag": 2,
    "change_message": "[]"
  }
},
{
  "model": "admin.logentry",
  "pk": 27,
  "fields": {
    "action_time": "2024-10-19T12:03:25.965Z",
    "user": 1,
    "content_type": 7,
    "object_id": "4",
    "object_repr": "Интеграция с внешними сервисами",
    "action_flag": 2,
    "change_message": "[{\"changed\": {\"fields\": [\"Tags\"]}}]"
  }
},
{
  "model": "admin.logentry",
  "pk": 28,
  "fields": {
    "action_time": "2024-10-19T12:03:26.132Z",
    "user": 1,
    "content_type": 7,
    "object_id": "4",
    "object_repr": "Интеграция с внешними сервисами",
    "action_flag": 2,
    "change_message": "[]"
  }
},
{
  "model": "admin.logentry",
  "pk": 29,
  "fields": {
    "action_time": "2024-10-19T12:07:40.657Z",
    "user": 1,
    "content_type": 7,
    "object_id": "5",
    "object_repr": "Настройка окружения и CI/CD",
    "action_flag": 2,
    "change_message": "[{\"changed\": {\"fields\": [\"Tags\"]}}]"
  }
},
{
  "model": "admin.logentry",
  "pk": 30,
  "fields": {
    "action_time": "2024-10-19T12:08:29.019Z",
    "user": 1,
    "content_type": 7,
    "object_id": "3",
    "object_repr": "Разработка RESTful API",
    "action_flag": 2,
    "change_message": "[{\"changed\": {\"fields\": [\"Tags\"]}}]"
  }
},
{
  "model": "admin.logentry",
  "pk": 31,
  "fields": {
    "action_time": "2024-10-19T12:48:28.116Z",
    "user": 1,
    "content_type": 7,
    "object_id": "7",
    "object_repr": "Добавление функциональности  тегирования",
    "action_flag": 1,
    "change_message": "[{\"added\": {}}]"
  }
},
{
  "model": "admin.logentry",
  "pk": 32,
  "fields": {
    "action_time": "2024-10-19T12:49:14.698Z",
    "user": 1,
    "content_type": 7,
    "object_id": "8",
    "object_repr": "context_object_name",
    "action_flag": 1,
    "change_message": "[{\"added\": {}}]"
  }
},
{
  "model": "admin.logentry",
  "pk": 33,
  "fields": {
    "action_time": "2024-10-19T12:49:56.047Z",
    "user": 1,
    "content_type": 7,
    "object_id": "8",
    "object_repr": "context_object_name",
    "action_flag": 2,
    "change_message": "[{\"changed\": {\"fields\": [\"\\u0421\\u043e\\u0434\\u0435\\u0440\\u0436\\u0430\\u043d\\u0438\\u0435\"]}}]"
  }
},
{
  "model": "admin.logentry",
  "pk": 34,
  "fields": {
    "action_time": "2024-10-19T12:51:13.380Z",
    "user": 1,
    "content_type": 7,
    "object_id": "9",
    "object_repr": "операция __in поиска по полю",
    "action_flag": 1,
    "change_message": "[{\"added\": {}}]"
  }
},
{
  "model": "admin.logentry",
  "pk": 35,
  "fields": {
    "action_time": "2024-10-19T12:56:32.602Z",
    "user": 1,
    "content_type": 7,
    "object_id": "10",
    "object_repr": "функция values_list",
    "action_flag": 1,
    "change_message": "[{\"added\": {}}]"
  }
},
{
  "model": "admin.logentry",
  "pk": 36,
  "fields": {
    "action_time": "2024-10-19T13:10:42.638Z",
    "user": 1,
    "content_type": 7,
    "object_id": "11",
    "object_repr": "Метод save() c commit=False",
    "action_flag": 1,
    "change_message": "[{\"added\": {}}]"
  }
},
{
  "model": "admin.logentry",
  "pk": 37,
  "fields": {
    "action_time": "2024-10-19T13:11:09.691Z",
    "user": 1,
    "content_type": 7,
    "object_id": "11",
    "object_repr": "Метод save() c commit=False",
    "action_flag": 2,
    "change_message": "[{\"changed\": {\"fields\": [\"\\u0421\\u043e\\u0434\\u0435\\u0440\\u0436\\u0430\\u043d\\u0438\\u0435\"]}}]"
  }
},
{
  "model": "admin.logentry",
  "pk": 38,
  "fields": {
    "action_time": "2024-10-19T13:11:56.265Z",
    "user": 1,
    "content_type": 7,
    "object_id": "7",
    "object_repr": "Добавление функциональности  тегирования",
    "action_flag": 2,
    "change_message": "[{\"changed\": {\"fields\": [\"\\u0421\\u043e\\u0434\\u0435\\u0440\\u0436\\u0430\\u043d\\u0438\\u0435\"]}}]"
  }
},
{
  "model": "admin.logentry",
  "pk": 39,
  "fields": {
    "action_time": "2024-10-19T13:12:04.777Z",
    "user": 1,
    "content_type": 7,
    "object_id": "10",
    "object_repr": "Функция values_list",
    "action_flag": 2,
    "change_message": "[{\"changed\": {\"fields\": [\"\\u0417\\u0430\\u0433\\u043e\\u043b\\u043e\\u0432\\u043e\\u043a\"]}}]"
  }
},
{
  "model": "admin.logentry",
  "pk": 40,
  "fields": {
    "action_time": "2024-10-19T13:12:12.276Z",
    "user": 1,
    "content_type": 7,
    "object_id": "9",
    "object_repr": "Операция __in поиска по полю",
    "action_flag": 2,
    "change_message": "[{\"changed\": {\"fields\": [\"\\u0417\\u0430\\u0433\\u043e\\u043b\\u043e\\u0432\\u043e\\u043a\"]}}]"
  }
},
{
  "model": "admin.logentry",
  "pk": 41,
  "fields": {
    "action_time": "2024-10-19T13:12:50.254Z",
    "user": 1,
    "content_type": 7,
    "object_id": "8",
    "object_repr": "Атрибут context_object_name",
    "action_flag": 2,
    "change_message": "[{\"changed\": {\"fields\": [\"\\u0417\\u0430\\u0433\\u043e\\u043b\\u043e\\u0432\\u043e\\u043a\"]}}]"
  }
},
{
  "model": "admin.logentry",
  "pk": 42,
  "fields": {
    "action_time": "2024-10-19T13:23:03.026Z",
    "user": 1,
    "content_type": 7,
    "object_id": "12",
    "object_repr": "Виды пользовательских тэгов",
    "action_flag": 1,
    "change_message": "[{\"added\": {}}]"
  }
},
{
  "model": "admin.logentry",
  "pk": 43,
  "fields": {
    "action_time": "2024-10-19T13:23:19.825Z",
    "user": 1,
    "content_type": 9,
    "object_id": "5",
    "object_repr": "music",
    "action_flag": 3,
    "change_message": ""
  }
},
{
  "model": "admin.logentry",
  "pk": 44,
  "fields": {
    "action_time": "2024-10-19T13:23:36.019Z",
    "user": 1,
    "content_type": 9,
    "object_id": "1",
    "object_repr": "IT",
    "action_flag": 2,
    "change_message": "[]"
  }
},
{
  "model": "admin.logentry",
  "pk": 45,
  "fields": {
    "action_time": "2024-10-19T13:42:06.127Z",
    "user": 1,
    "content_type": 7,
    "object_id": "13",
    "object_repr": "Создание шаблонного тега включения",
    "action_flag": 1,
    "change_message": "[{\"added\": {}}]"
  }
},
{
  "model": "admin.logentry",
  "pk": 46,
  "fields": {
    "action_time": "2024-10-19T13:43:07.984Z",
    "user": 1,
    "content_type": 7,
    "object_id": "13",
    "object_repr": "Создание шаблонного тега включения",
    "action_flag": 2,
    "change_message": "[]"
  }
},
{
  "model": "admin.logentry",
  "pk": 47,
  "fields": {
    "action_time": "2024-10-19T14:23:46.864Z",
    "user": 1,
    "content_type": 11,
    "object_id": "1",
    "object_repr": "localhost:8000",
    "action_flag": 2,
    "change_message": "[{\"changed\": {\"fields\": [\"Domain name\", \"Display name\"]}}]"
  }
},
{
  "model": "admin.logentry",
  "pk": 48,
  "fields": {
    "action_time": "2024-10-19T14:23:47.245Z",
    "user": 1,
    "content_type": 11,
    "object_id": "1",
    "object_repr": "localhost:8000",
    "action_flag": 2,
    "change_message": "[]"
  }
},
{
  "model": "admin.logentry",
  "pk": 49,
  "fields": {
    "action_time": "2024-10-20T06:00:55.878Z",
    "user": 1,
    "content_type": 7,
    "object_id": "14",
    "object_repr": "Пост с работой Markdown",
    "action_flag": 1,
    "change_message": "[{\"added\": {}}]"
  }
},
{
  "model": "auth.permission",
  "pk": 1,
  "fields": {
    "name": "Can add log entry",
    "content_type": 1,
    "codename": "add_logentry"
  }
},
{
  "model": "auth.permission",
  "pk": 2,
  "fields": {
    "name": "Can change log entry",
    "content_type": 1,
    "codename": "change_logentry"
  }
},
{
  "model": "auth.permission",
  "pk": 3,
  "fields": {
    "name": "Can delete log entry",
    "content_type": 1,
    "codename": "delete_logentry"
  }
},
{
  "model": "auth.permission",
  "pk": 4,
  "fields": {
    "name": "Can view log entry",
    "content_type": 1,
    "codename": "view_logentry"
  }
},
{
  "model": "auth.permission",
  "pk": 5,
  "fields": {
    "name": "Can add permission",
    "content_type": 2,
    "codename": "add_permission"
  }
},
{
  "model": "auth.permission",
  "pk": 6,
  "fields": {
    "name": "Can change permission",
    "content_type": 2,
    "codename": "change_permission"
  }
},
{
  "model": "auth.permission",
  "pk": 7,
  "fields": {
    "name": "Can delete permission",
    "content_type": 2,
    "codename": "delete_permission"
  }
},
{
  "model": "auth.permission",
  "pk": 8,
  "fields": {
    "name": "Can view permission",
    "content_type": 2,
    "codename": "view_permission"
  }
},
{
  "model": "auth.permission",
  "pk": 9,
  "fields": {
    "name": "Can add group",
    "content_type": 3,
    "codename": "add_group"
  }
},
{
  "model": "auth.permission",
  "pk": 10,
  "fields": {
    "name": "Can change group",
    "content_type": 3,
    "codename": "change_group"
  }
},
{
  "model": "auth.permission",
  "pk": 11,
  "fields": {
    "name": "Can delete group",
    "content_type": 3,
    "codename": "delete_group"
  }
},
{
  "model": "auth.permission",
  "pk": 12,
  "fields": {
    "name": "Can view group",
    "content_type": 3,
    "codename": "view_group"
  }
},
{
  "model": "auth.permission",
  "pk": 13,
  "fields": {
    "name": "Can add user",
    "content_type": 4,
    "codename": "add_user"
  }
},
{
  "model": "auth.permission",
  "pk": 14,
  "fields": {
    "name": "Can change user",
    "content_type": 4,
    "codename": "change_user"
  }
},
{
  "model": "auth.permission",
  "pk": 15,
  "fields": {
    "name": "Can delete user",
    "content_type": 4,
    "codename": "delete_user"
  }
},
{
  "model": "auth.permission",
  "pk": 16,
  "fields": {
    "name": "Can view user",
    "content_type": 4,
    "codename": "view_user"
  }
},
{
  "model": "auth.permission",
  "pk": 17,
  "fields": {
    "name": "Can add content type",
    "content_type": 5,
    "codename": "add_contenttype"
  }
},
{
  "model": "auth.permission",
  "pk": 18,
  "fields": {
    "name": "Can change content type",
    "content_type": 5,
    "codename": "change_contenttype"
  }
},
{
  "model": "auth.permission",
  "pk": 19,
  "fields": {
    "name": "Can delete content type",
    "content_type": 5,
    "codename": "delete_contenttype"
  }
},
{
  "model": "auth.permission",
  "pk": 20,
  "fields": {
    "name": "Can view content type",
    "content_type": 5,
    "codename": "view_contenttype"
  }
},
{
  "model": "auth.permission",
  "pk": 21,
  "fields": {
    "name": "Can add session",
    "content_type": 6,
    "codename": "add_session"
  }
},
{
  "model": "auth.permission",
  "pk": 22,
  "fields": {
    "name": "Can change session",
    "content_type": 6,
    "codename": "change_session"
  }
},
{
  "model": "auth.permission",
  "pk": 23,
  "fields": {
    "name": "Can delete session",
    "content_type": 6,
    "codename": "delete_session"
  }
},
{
  "model": "auth.permission",
  "pk": 24,
  "fields": {
    "name": "Can view session",
    "content_type": 6,
    "codename": "view_session"
  }
},
{
  "model": "auth.permission",
  "pk": 25,
  "fields": {
    "name": "Can add post",
    "content_type": 7,
    "codename": "add_post"
  }
},
{
  "model": "auth.permission",
  "pk": 26,
  "fields": {
    "name": "Can change post",
    "content_type": 7,
    "codename": "change_post"
  }
},
{
  "model": "auth.permission",
  "pk": 27,
  "fields": {
    "name": "Can delete post",
    "content_type": 7,
    "codename": "delete_post"
  }
},
{
  "model": "auth.permission",
  "pk": 28,
  "fields": {
    "name": "Can view post",
    "content_type": 7,
    "codename": "view_post"
  }
},
{
  "model": "auth.permission",
  "pk": 29,
  "fields": {
    "name": "Can add comment",
    "content_type": 8,
    "codename": "add_comment"
  }
},
{
  "model": "auth.permission",
  "pk": 30,
  "fields": {
    "name": "Can change comment",
    "content_type": 8,
    "codename": "change_comment"
  }
},
{
  "model": "auth.permission",
  "pk": 31,
  "fields": {
    "name": "Can delete comment",
    "content_type": 8,
    "codename": "delete_comment"
  }
},
{
  "model": "auth.permission",
  "pk": 32,
  "fields": {
    "name": "Can view comment",
    "content_type": 8,
    "codename": "view_comment"
  }
},
{
  "model": "auth.permission",
  "pk": 33,
  "fields": {
    "name": "Can add tag",
    "content_type": 9,
    "codename": "add_tag"
  }
},
{
  "model": "auth.permission",
  "pk": 34,
  "fields": {
    "name": "Can change tag",
    "content_type": 9,
    "codename": "change_tag"
  }
},
{
  "model": "auth.permission",
  "pk": 35,
  "fields": {
    "name": "Can delete tag",
    "content_type": 9,
    "codename": "delete_tag"
  }
},
{
  "model": "auth.permission",
  "pk": 36,
  "fields": {
    "name": "Can view tag",
    "content_type": 9,
    "codename": "view_tag"
  }
},
{
  "model": "auth.permission",
  "pk": 37,
  "fields": {
    "name": "Can add tagged item",
    "content_type": 10,
    "codename": "add_taggeditem"
  }
},
{
  "model": "auth.permission",
  "pk": 38,
  "fields": {
    "name": "Can change tagged item",
    "content_type": 10,
    "codename": "change_taggeditem"
  }
},
{
  "model": "auth.permission",
  "pk": 39,
  "fields": {
    "name": "Can delete tagged item",
    "content_type": 10,
    "codename": "delete_taggeditem"
  }
},
{
  "model": "auth.permission",
  "pk": 40,
  "fields": {
    "name": "Can view tagged item",
    "content_type": 10,
    "codename": "view_taggeditem"
  }
},
{
  "model": "auth.permission",
  "pk": 41,
  "fields": {
    "name": "Can add site",
    "content_type": 11,
    "codename": "add_site"
  }
},
{
  "model": "auth.permission",
  "pk": 42,
  "fields": {
    "name": "Can change site",
    "content_type": 11,
    "codename": "change_site"
  }
},
{
  "model": "auth.permission",
  "pk": 43,
  "fields": {
    "name": "Can delete site",
    "content_type": 11,
    "codename": "delete_site"
  }
},
{
  "model": "auth.permission",
  "pk": 44,
  "fields": {
    "name": "Can view site",
    "content_type": 11,
    "codename": "view_site"
  }
},
{
  "model": "auth.user",
  "pk": 1,
  "fields": {
    "password": "pbkdf2_sha256$390000$cEp0vsHlwxCclvTaKyN90t$SP1olOBzFcq1ExHJBrkyTrQN5bL+zAyh6bawCShsyoI=",
    "last_login": "2024-10-17T06:48:24.463Z",
    "is_superuser": true,
    "username": "admin",
    "first_name": "",
    "last_name": "",
    "email": "admin@yandex.ru",
    "is_staff": true,
    "is_active": true,
    "date_joined": "2024-10-17T06:44:52.836Z",
    "groups": [],
    "user_permissions": []
  }
},
{
  "model": "auth.user",
  "pk": 2,
  "fields": {
    "password": "pbkdf2_sha256$390000$Yx9beER2Vpfwy9JGdvWpwO$PkkpqVPNLCCctJIHNLKq3B1/rwiJnSYm46I9ST0JRBo=",
    "last_login": null,
    "is_superuser": false,
    "username": "alekseikogan",
    "first_name": "",
    "last_name": "",
    "email": "",
    "is_staff": false,
    "is_active": true,
    "date_joined": "2024-10-17T08:57:07.198Z",
    "groups": [],
    "user_permissions": []
  }
},
{
  "model": "contenttypes.contenttype",
  "pk": 1,
  "fields": {
    "app_label": "admin",
    "model": "logentry"
  }
},
{
  "model": "contenttypes.contenttype",
  "pk": 2,
  "fields": {
    "app_label": "auth",
    "model": "permission"
  }
},
{
  "model": "contenttypes.contenttype",
  "pk": 3,
  "fields": {
    "app_label": "auth",
    "model": "group"
  }
},
{
  "model": "contenttypes.contenttype",
  "pk": 4,
  "fields": {
    "app_label": "auth",
    "model": "user"
  }
},
{
  "model": "contenttypes.contenttype",
  "pk": 5,
  "fields": {
    "app_label": "contenttypes",
    "model": "contenttype"
  }
},
{
  "model": "contenttypes.contenttype",
  "pk": 6,
  "fields": {
    "app_label": "sessions",
    "model": "session"
  }
},
{
  "model": "contenttypes.contenttype",
  "pk": 7,
  "fields": {
    "app_label": "blog",
    "model": "post"
  }
},
{
  "model": "contenttypes.contenttype",
  "pk": 8,
  "fields": {
    "app_label": "blog",
    "model": "comment"
  }
},
{
  "model": "contenttypes.contenttype",
  "pk": 9,
  "fields": {
    "app_label": "taggit",
    "model": "tag"
  }
},
{
  "model": "contenttypes.contenttype",
  "pk": 10,
  "fields": {
    "app_label": "taggit",
    "model": "taggeditem"
  }
},
{
  "model": "contenttypes.contenttype",
  "pk": 11,
  "fields": {
    "app_label": "sites",
    "model": "site"
  }
},
{
  "model": "sessions.session",
  "pk": "zj391g2gglw9154bgew30txkty8eo5af",
  "fields": {
    "session_data": ".eJxVjMsOwiAQRf-FtSEMb1y69xsIMIxUDU1KuzL-uzbpQrf3nHNfLKZtbXEbdYkTsjMDdvrdciqP2neA99RvMy9zX5cp813hBx38OmN9Xg7376Cl0b61Fggkig6Ug_VWkSVprCsagNBqBbIQKPDO1EzoXLKCjJKyBO9qwMTeH9AMN4U:1t1KJ6:U79nB_g8v9PuKMQ_D6JMKBrKJxWeqUZ1q58UfbDAKUg",
    "expire_date": "2024-10-31T06:48:24.552Z"
  }
},
{
  "model": "sites.site",
  "pk": 1,
  "fields": {
    "domain": "localhost:8000",
    "name": "localhost:8000"
  }
},
{
  "model": "taggit.tag",
  "pk": 1,
  "fields": {
    "name": "IT",
    "slug": "it"
  }
},
{
  "model": "taggit.tag",
  "pk": 2,
  "fields": {
    "name": "advice",
    "slug": "advice"
  }
},
{
  "model": "taggit.tag",
  "pk": 3,
  "fields": {
    "name": "things",
    "slug": "things"
  }
},
{
  "model": "taggit.tag",
  "pk": 4,
  "fields": {
    "name": "jazz",
    "slug": "jazz"
  }
},
{
  "model": "taggit.tag",
  "pk": 6,
  "fields": {
    "name": "simple",
    "slug": "simple"
  }
},
{
  "model": "taggit.tag",
  "pk": 7,
  "fields": {
    "name": "ci/cd",
    "slug": "cicd"
  }
},
{
  "model": "taggit.tag",
  "pk": 8,
  "fields": {
    "name": "django",
    "slug": "django"
  }
},
{
  "model": "taggit.tag",
  "pk": 9,
  "fields": {
    "name": "theory",
    "slug": "theory"
  }
},
{
  "model": "taggit.tag",
  "pk": 10,
  "fields": {
    "name": "api",
    "slug": "api"
  }
},
{
  "model": "taggit.tag",
  "pk": 11,
  "fields": {
    "name": "it",
    "slug": "it_1"
  }
},
{
  "model": "taggit.tag",
  "pk": 12,
  "fields": {
    "name": "tags",
    "slug": "tags"
  }
},
{
  "model": "taggit.tag",
  "pk": 13,
  "fields": {
    "name": "learn",
    "slug": "learn"
  }
},
{
  "model": "taggit.tag",
  "pk": 14,
  "fields": {
    "name": "search",
    "slug": "search"
  }
},
{
  "model": "taggit.tag",
  "pk": 15,
  "fields": {
    "name": "methods",
    "slug": "methods"
  }
},
{
  "model": "taggit.tag",
  "pk": 16,
  "fields": {
    "name": "html",
    "slug": "html"
  }
},
{
  "model": "taggit.tag",
  "pk": 17,
  "fields": {
    "name": "repeat",
    "slug": "repeat"
  }
},
{
  "model": "taggit.tag",
  "pk": 18,
  "fields": {
    "name": "test",
    "slug": "test"
  }
},
{
  "model": "taggit.taggeditem",
  "pk": 1,
  "fields": {
    "tag": 1,
    "content_type": 7,
    "object_id": 1
  }
},
{
  "model": "taggit.taggeditem",
  "pk": 2,
  "fields": {
    "tag": 2,
    "content_type": 7,
    "object_id": 1
  }
},
{
  "model": "taggit.taggeditem",
  "pk": 3,
  "fields": {
    "tag": 1,
    "content_type": 7,
    "object_id": 2
  }
},
{
  "model": "taggit.taggeditem",
  "pk": 4,
  "fields": {
    "tag": 2,
    "content_type": 7,
    "object_id": 2
  }
},
{
  "model": "taggit.taggeditem",
  "pk": 5,
  "fields": {
    "tag": 6,
    "content_type": 7,
    "object_id": 2
  }
},
{
  "model": "taggit.taggeditem",
  "pk": 6,
  "fields": {
    "tag": 7,
    "content_type": 7,
    "object_id": 4
  }
},
{
  "model": "taggit.taggeditem",
  "pk": 7,
  "fields": {
    "tag": 6,
    "content_type": 7,
    "object_id": 4
  }
},
{
  "model": "taggit.taggeditem",
  "pk": 8,
  "fields": {
    "tag": 8,
    "content_type": 7,
    "object_id": 6
  }
},
{
  "model": "taggit.taggeditem",
  "pk": 9,
  "fields": {
    "tag": 9,
    "content_type": 7,
    "object_id": 6
  }
},
{
  "model": "taggit.taggeditem",
  "pk": 10,
  "fields": {
    "tag": 8,
    "content_type": 7,
    "object_id": 4
  }
},
{
  "model": "taggit.taggeditem",
  "pk": 11,
  "fields": {
    "tag": 7,
    "content_type": 7,
    "object_id": 5
  }
},
{
  "model": "taggit.taggeditem",
  "pk": 12,
  "fields": {
    "tag": 10,
    "content_type": 7,
    "object_id": 3
  }
},
{
  "model": "taggit.taggeditem",
  "pk": 13,
  "fields": {
    "tag": 8,
    "content_type": 7,
    "object_id": 3
  }
},
{
  "model": "taggit.taggeditem",
  "pk": 14,
  "fields": {
    "tag": 8,
    "content_type": 7,
    "object_id": 7
  }
},
{
  "model": "taggit.taggeditem",
  "pk": 15,
  "fields": {
    "tag": 11,
    "content_type": 7,
    "object_id": 7
  }
},
{
  "model": "taggit.taggeditem",
  "pk": 16,
  "fields": {
    "tag": 12,
    "content_type": 7,
    "object_id": 7
  }
},
{
  "model": "taggit.taggeditem",
  "pk": 17,
  "fields": {
    "tag": 8,
    "content_type": 7,
    "object_id": 8
  }
},
{
  "model": "taggit.taggeditem",
  "pk": 18,
  "fields": {
    "tag": 13,
    "content_type": 7,
    "object_id": 8
  }
},
{
  "model": "taggit.taggeditem",
  "pk": 19,
  "fields": {
    "tag": 8,
    "content_type": 7,
    "object_id": 9
  }
},
{
  "model": "taggit.taggeditem",
  "pk": 20,
  "fields": {
    "tag": 13,
    "content_type": 7,
    "object_id": 9
  }
},
{
  "model": "taggit.taggeditem",
  "pk": 21,
  "fields": {
    "tag": 14,
    "content_type": 7,
    "object_id": 9
  }
},
{
  "model": "taggit.taggeditem",
  "pk": 22,
  "fields": {
    "tag": 12,
    "content_type": 7,
    "object_id": 9
  }
},
{
  "model": "taggit.taggeditem",
  "pk": 23,
  "fields": {
    "tag": 8,
    "content_type": 7,
    "object_id": 10
  }
},
{
  "model": "taggit.taggeditem",
  "pk": 24,
  "fields": {
    "tag": 13,
    "content_type": 7,
    "object_id": 10
  }
},
{
  "model": "taggit.taggeditem",
  "pk": 25,
  "fields": {
    "tag": 15,
    "content_type": 7,
    "object_id": 10
  }
},
{
  "model": "taggit.taggeditem",
  "pk": 26,
  "fields": {
    "tag": 8,
    "content_type": 7,
    "object_id": 11
  }
},
{
  "model": "taggit.taggeditem",
  "pk": 27,
  "fields": {
    "tag": 13,
    "content_type": 7,
    "object_id": 11
  }
},
{
  "model": "taggit.taggeditem",
  "pk": 28,
  "fields": {
    "tag": 15,
    "content_type": 7,
    "object_id": 11
  }
},
{
  "model": "taggit.taggeditem",
  "pk": 29,
  "fields": {
    "tag": 16,
    "content_type": 7,
    "object_id": 12
  }
},
{
  "model": "taggit.taggeditem",
  "pk": 30,
  "fields": {
    "tag": 17,
    "content_type": 7,
    "object_id": 12
  }
},
{
  "model": "taggit.taggeditem",
  "pk": 31,
  "fields": {
    "tag": 12,
    "content_type": 7,
    "object_id": 12
  }
},
{
  "model": "taggit.taggeditem",
  "pk": 32,
  "fields": {
    "tag": 8,
    "content_type": 7,
    "object_id": 13
  }
},
{
  "model": "taggit.taggeditem",
  "pk": 33,
  "fields": {
    "tag": 13,
    "content_type": 7,
    "object_id": 13
  }
},
{
  "model": "taggit.taggeditem",
  "pk": 34,
  "fields": {
    "tag": 12,
    "content_type": 7,
    "object_id": 13
  }
},
{
  "model": "taggit.taggeditem",
  "pk": 35,
  "fields": {
    "tag": 8,
    "content_type": 7,
    "object_id": 14
  }
},
{
  "model": "taggit.taggeditem",
  "pk": 36,
  "fields": {
    "tag": 18,
    "content_type": 7,
    "object_id": 14
  }
},
{
  "model": "blog.post",
  "pk": 1,
  "fields": {
    "title": "Программирование на Python",
    "slug": "programmirovanie-na-python",
    "author": 1,
    "body": "Тут будет случайный текст!",
    "publish": "2024-10-17T06:55:07Z",
    "created": "2024-10-17T06:56:06.273Z",
    "updated": "2024-10-19T12:03:13.720Z",
    "status": "PB"
  }
},
{
  "model": "blog.post",
  "pk": 2,
  "fields": {
    "title": "Проектирование и создание моделей данных",
    "slug": "proektirovanie-i-sozdanie-modelej-dannyh",
    "author": 2,
    "body": "Недавно добавляли поле суборганизации, и настройка что всё работало.",
    "publish": "2024-10-17T08:57:12Z",
    "created": "2024-10-17T08:57:49.831Z",
    "updated": "2024-10-19T12:03:04.879Z",
    "status": "PB"
  }
},
{
  "model": "blog.post",
  "pk": 3,
  "fields": {
    "title": "Разработка RESTful API",
    "slug": "razrabotka-restful-api",
    "author": 2,
    "body": "Создание API с использованием Django REST Framework для обеспечения взаимодействия между клиентской и серверной частью приложения.",
    "publish": "2024-10-17T08:57:51Z",
    "created": "2024-10-17T08:58:02.771Z",
    "updated": "2024-10-19T12:08:29.004Z",
    "status": "PB"
  }
},
{
  "model": "blog.post",
  "pk": 4,
  "fields": {
    "title": "Интеграция с внешними сервисами",
    "slug": "integraciya-s-vneshnimi-servisami",
    "author": 2,
    "body": "Работа с API внешних сервисов для получения данных (расстояние между городами для расчета стоимости отправки продукции)",
    "publish": "2024-10-17T08:58:14Z",
    "created": "2024-10-17T08:58:23.739Z",
    "updated": "2024-10-19T12:03:26.120Z",
    "status": "PB"
  }
},
{
  "model": "blog.post",
  "pk": 5,
  "fields": {
    "title": "Настройка окружения и CI/CD",
    "slug": "nastrojka-okruzheniya-i-cicd",
    "author": 1,
    "body": "Настройка окружения и CI/CD: Настройка GitHub Actions для автоматического тестирования и развертывания приложения при каждом коммите в основную ветку.",
    "publish": "2024-10-17T08:58:57Z",
    "created": "2024-10-17T08:59:12.327Z",
    "updated": "2024-10-19T12:07:40.645Z",
    "status": "DF"
  }
},
{
  "model": "blog.post",
  "pk": 6,
  "fields": {
    "title": "Пагинация в Django",
    "slug": "paginaciya-v-django",
    "author": 2,
    "body": "еще не выучил..",
    "publish": "2024-10-18T19:18:20Z",
    "created": "2024-10-18T19:18:53.889Z",
    "updated": "2024-10-19T12:03:19.002Z",
    "status": "PB"
  }
},
{
  "model": "blog.post",
  "pk": 7,
  "fields": {
    "title": "Добавление функциональности  тегирования",
    "slug": "dobavlenie-funkcionalnosti-tegirovaniya",
    "author": 1,
    "body": "Очень распространенной функциональностью в блогах является категори\u0002зация постов \r\n посредством тегов. Теги позволяют классифицировать контент неиерархическим образом, используя простые ключевые слова. Тег – это просто метка или ключевое слово, которое можно назначать постам. Мы соз\u0002дадим систему тегирования, интегрировав в проект стороннее приложение Django по тегированию.\r\n\r\ndjango-taggit – это приспособленное для реиспользования приложение, которое в первую очередь предлагает модель Tag и менеджер для удобного добавления тегов в любую модель. Исходный код приложения доступен для просмотра на странице https://github.com/jazzband/django-taggit.",
    "publish": "2024-10-19T12:47:59Z",
    "created": "2024-10-19T12:48:28.092Z",
    "updated": "2024-10-19T13:11:56.257Z",
    "status": "PB"
  }
},
{
  "model": "blog.post",
  "pk": 8,
  "fields": {
    "title": "Атрибут context_object_name",
    "slug": "context_object_name",
    "author": 2,
    "body": "context_object_name = 'posts'  # результат запроса в бд, по умочанию назвается object_list\r\nи еще:  тут пагинатор отдает объект страницы с именем page_obj\r\n\r\nclass PostListView(ListView):\r\n    queryset = Post.published.all()\r\n    context_object_name = 'posts'  # результат запроса в бд, по умочанию назвается object_list\r\n    paginate_by = 3\r\n    template_name = 'blog/post/list.html'",
    "publish": "2024-10-19T12:48:30Z",
    "created": "2024-10-19T12:49:14.680Z",
    "updated": "2024-10-19T13:12:50.245Z",
    "status": "PB"
  }
},
{
  "model": "blog.post",
  "pk": 9,
  "fields": {
    "title": "Операция __in поиска по полю",
    "slug": "operaciya-__in-poiska-po-polyu",
    "author": 1,
    "body": "используется взаимосвязь многие-ко-многим, необходимо фильтровать записи по тегам, содержащимся в заданном списке, который в данном случае содержит только один элемент, используется операция __in поиска по полю\r\n\r\ndef post_list(request, tag_slug=None):\r\n    \"\"\"GET - список постов.\"\"\"\r\n\r\n    post_list = Post.published.all()\r\n    tag = None\r\n    if tag_slug:\r\n        tag = get_object_or_404(Tag, slug=tag_slug)\r\n        # используется взаимосвязь многие-ко-многим, \r\n        # необходимо фильтровать записи по тегам, содержащимся в заданном \r\n        # списке, который в данном случае содержит только один элемент.\r\n        # используется операция __in поиска по полю\r\n        post_list = post_list.filter(tags__in=[tag])",
    "publish": "2024-10-19T12:50:17Z",
    "created": "2024-10-19T12:51:13.356Z",
    "updated": "2024-10-19T13:12:12.262Z",
    "status": "PB"
  }
},
{
  "model": "blog.post",
  "pk": 10,
  "fields": {
    "title": "Функция values_list",
    "slug": "funkciya-values_list",
    "author": 1,
    "body": "post_tags_ids = post.tags.values_list('id', flat=True)\r\n\r\nвозвращает кортежи со значениями заданных полей. Ему передается параметр flat=True, чтобы получить одиночные значения",
    "publish": "2024-10-19T12:55:48Z",
    "created": "2024-10-19T12:56:32.584Z",
    "updated": "2024-10-19T13:12:04.769Z",
    "status": "PB"
  }
},
{
  "model": "blog.post",
  "pk": 11,
  "fields": {
    "title": "Метод save() c commit=False",
    "slug": "metod-save-c-commitfalse",
    "author": 1,
    "body": "Метод save() создает экземпляр модели, к которой форма привязана, и сохраняет его в базе данных. Если вызывать его, используя commit=False, то экземпляр модели создается, но не сохраняется в базе данных. Такой подход позволяет видоизменять объект перед его окончательным со\u0002хранением.\r\n\r\ncomment = form.save(commit=False)",
    "publish": "2024-10-19T13:10:03Z",
    "created": "2024-10-19T13:10:42.618Z",
    "updated": "2024-10-19T13:11:09.682Z",
    "status": "PB"
  }
},
{
  "model": "blog.post",
  "pk": 12,
  "fields": {
    "title": "Виды пользовательских тэгов",
    "slug": "vidy-polzovatelskih-tegov",
    "author": 1,
    "body": "Django предоставляет следующие вспомогательные функции, которые по\u0002зволяют легко создавать шаблонные теги:\r\n• simple_tag: обрабатывает предоставленные данные и возвращает стро\u0002ковый литерал;\r\n• inclusion_tag: обрабатывает предоставленные данные и  возвращает \r\nпрорисованный шаблон\r\nПростой для {% load blog_tags %}\r\n\r\nregister = template.Library()\r\n@register.simple_tag\r\ndef total_posts():\r\n return Post.published.count()",
    "publish": "2024-10-19T13:21:53Z",
    "created": "2024-10-19T13:23:03.005Z",
    "updated": "2024-10-19T13:23:03.005Z",
    "status": "PB"
  }
},
{
  "model": "blog.post",
  "pk": 13,
  "fields": {
    "title": "Создание шаблонного тега включения",
    "slug": "sozdanie-shablonnogo-tega-vklyucheniya",
    "author": 1,
    "body": "В приведенном выше исходном коде мы зарегистрировали шаблонный тег, применяя декоратор @register.inclusion_tag. Используя blog/post/latest_posts.html, был указан шаблон, который будет прорисовываться возвращенными значениями. Шаблонный тег будет принимать опциональный \r\nпараметр count, который по умолчанию равен 5. Этот параметр позволит задавать число отображаемых постов. Данная переменная используется для того, чтобы ограничивать результаты запроса Post.published.order_by('-publish')[:count].\r\n\r\n@register.inclusion_tag('blog/post/latest_posts.html')\r\ndef show_latest_posts(count=5):\r\n latest_posts = Post.published.order_by('-publish')[:count]\r\n return {'latest_posts': latest_posts}",
    "publish": "2024-10-19T13:41:14Z",
    "created": "2024-10-19T13:42:06.109Z",
    "updated": "2024-10-19T13:43:07.978Z",
    "status": "PB"
  }
},
{
  "model": "blog.post",
  "pk": 14,
  "fields": {
    "title": "Пост с работой Markdown",
    "slug": "post-s-rabotoj-markdown",
    "author": 1,
    "body": "This is a post formatted with markdown\r\n--------------------------------------\r\n*This is emphasized* and **this is more emphasized**.\r\nHere is a list:\r\n* One\r\n* Two\r\n* Three\r\nAnd a [link to the Django website](https://www.djangoproject.com/).",
    "publish": "2024-10-20T06:00:17Z",
    "created": "2024-10-20T06:00:55.528Z",
    "updated": "2024-10-20T06:00:55.529Z",
    "status": "PB"
  }
},
{
  "model": "blog.comment",
  "pk": 1,
  "fields": {
    "post": 3,
    "name": "Бах. Оркестровая Сюита №2",
    "email": "alekseikogan@yandex.ru",
    "body": "проверка работы коммЕнатриев!",
    "created": "2024-10-19T08:44:02.676Z",
    "updated": "2024-10-19T08:44:02.676Z",
    "active": true
  }
},
{
  "model": "blog.comment",
  "pk": 2,
  "fields": {
    "post": 6,
    "name": "Рамзи Гордон",
    "email": "vasilidris@mail.ru",
    "body": "Ты разобрался?",
    "created": "2024-10-19T08:44:47.482Z",
    "updated": "2024-10-19T08:44:47.482Z",
    "active": true
  }
},
{
  "model": "blog.comment",
  "pk": 3,
  "fields": {
    "post": 3,
    "name": "Рамзи Гордон",
    "email": "alekseikogan1@yandex.ru",
    "body": "Я тоже сделал!",
    "created": "2024-10-19T09:34:21.957Z",
    "updated": "2024-10-19T09:34:21.957Z",
    "active": true
  }
},
{
  "model": "blog.comment",
  "pk": 4,
  "fields": {
    "post": 3,
    "name": "Админ Админов",
    "email": "al@yandex.ru",
    "body": "Удалять не буду!",
    "created": "2024-10-19T10:51:45.027Z",
    "updated": "2024-10-19T10:51:45.030Z",
    "active": true
  }
},
{
  "model": "blog.comment",
  "pk": 5,
  "fields": {
    "post": 3,
    "name": "Крестный отец",
    "email": "vasilidris@mail.ru",
    "body": "Я тут!",
    "created": "2024-10-19T10:52:20.506Z",
    "updated": "2024-10-19T10:52:20.506Z",
    "active": true
  }
}
]
